{
  "overall_metrics": {
    "narrative_precision": 0.893422055803851,
    "narrative_recall": 0.40657698056801195,
    "narrative_f1": 0.5311422378172319,
    "subnarrative_precision": 0.9366822248629366,
    "subnarrative_recall": 0.953662182361734,
    "subnarrative_f1": 0.9425396972370432
  },
  "narrative_class_metrics": {
    "Amplifying Climate Fears": {
      "metrics": {
        "precision": 0.9583333333333334,
        "recall": 0.92,
        "f1": 0.9387755102040817,
        "support": 25.0
      },
      "support": 25.0
    },
    "Amplifying war-related fears": {
      "metrics": {
        "precision": 0.9285714285714286,
        "recall": 0.30952380952380953,
        "f1": 0.46428571428571436,
        "support": 42.0
      },
      "support": 42.0
    },
    "Blaming the war on others rather than the invader": {
      "metrics": {
        "precision": 0.92,
        "recall": 0.696969696969697,
        "f1": 0.793103448275862,
        "support": 33.0
      },
      "support": 33.0
    },
    "Controversy about green technologies": {
      "metrics": {
        "precision": 0.0,
        "recall": 0.0,
        "f1": 0.0,
        "support": 28.0
      },
      "support": 28.0
    },
    "Criticism of climate movement": {
      "metrics": {
        "precision": 1.0,
        "recall": 0.75,
        "f1": 0.8571428571428571,
        "support": 8.0
      },
      "support": 8.0
    },
    "Criticism of climate policies": {
      "metrics": {
        "precision": 0.9629629629629629,
        "recall": 0.5909090909090909,
        "f1": 0.732394366197183,
        "support": 44.0
      },
      "support": 44.0
    },
    "Criticism of institutions and authorities": {
      "metrics": {
        "precision": 0.7857142857142857,
        "recall": 0.2037037037037037,
        "f1": 0.32352941176470584,
        "support": 54.0
      },
      "support": 54.0
    },
    "Discrediting Ukraine": {
      "metrics": {
        "precision": 0.75,
        "recall": 0.06666666666666667,
        "f1": 0.12244897959183675,
        "support": 45.0
      },
      "support": 45.0
    },
    "Discrediting the West, Diplomacy": {
      "metrics": {
        "precision": 0.9047619047619048,
        "recall": 0.2375,
        "f1": 0.37623762376237624,
        "support": 80.0
      },
      "support": 80.0
    },
    "Distrust towards Media": {
      "metrics": {
        "precision": 1.0,
        "recall": 0.8636363636363636,
        "f1": 0.9268292682926829,
        "support": 22.0
      },
      "support": 22.0
    },
    "Downplaying climate change": {
      "metrics": {
        "precision": 1.0,
        "recall": 0.38636363636363635,
        "f1": 0.5573770491803279,
        "support": 44.0
      },
      "support": 44.0
    },
    "Hidden plots by secret schemes of powerful groups": {
      "metrics": {
        "precision": 1.0,
        "recall": 0.4090909090909091,
        "f1": 0.5806451612903226,
        "support": 22.0
      },
      "support": 22.0
    },
    "Negative Consequences for the West": {
      "metrics": {
        "precision": 1.0,
        "recall": 0.6,
        "f1": 0.7499999999999999,
        "support": 25.0
      },
      "support": 25.0
    },
    "Other": {
      "metrics": {
        "precision": 1.0,
        "recall": 0.5625,
        "f1": 0.72,
        "support": 16.0
      },
      "support": 16.0
    },
    "Overpraising the West": {
      "metrics": {
        "precision": 1.0,
        "recall": 0.34782608695652173,
        "f1": 0.5161290322580645,
        "support": 23.0
      },
      "support": 23.0
    },
    "Praise of Russia": {
      "metrics": {
        "precision": 0.9523809523809523,
        "recall": 0.2898550724637681,
        "f1": 0.4444444444444445,
        "support": 69.0
      },
      "support": 69.0
    },
    "Questioning the measurements and science": {
      "metrics": {
        "precision": 1.0,
        "recall": 0.7272727272727273,
        "f1": 0.8421052631578948,
        "support": 11.0
      },
      "support": 11.0
    },
    "Russia is the Victim": {
      "metrics": {
        "precision": 1.0,
        "recall": 0.46296296296296297,
        "f1": 0.6329113924050632,
        "support": 54.0
      },
      "support": 54.0
    },
    "Speculating war outcomes": {
      "metrics": {
        "precision": 0.9473684210526315,
        "recall": 0.75,
        "f1": 0.8372093023255814,
        "support": 24.0
      },
      "support": 24.0
    }
  },
  "subnarrative_class_metrics": {
    "Ad hominem attacks on key activists": {
      "metrics": {
        "precision": 0.8333333333333334,
        "recall": 0.8333333333333334,
        "f1": 0.8333333333333334,
        "support": 6.0
      },
      "support": 6.0
    },
    "Amplifying existing fears of global warming": {
      "metrics": {
        "precision": 0.8888888888888888,
        "recall": 0.9411764705882353,
        "f1": 0.9142857142857143,
        "support": 17.0
      },
      "support": 17.0
    },
    "Blaming global elites": {
      "metrics": {
        "precision": 1.0,
        "recall": 1.0,
        "f1": 1.0,
        "support": 3.0
      },
      "support": 3.0
    },
    "By continuing the war we risk WWIII": {
      "metrics": {
        "precision": 1.0,
        "recall": 0.9090909090909091,
        "f1": 0.9523809523809523,
        "support": 11.0
      },
      "support": 11.0
    },
    "CO2 concentrations are too small to have an impact": {
      "metrics": {
        "precision": 1.0,
        "recall": 1.0,
        "f1": 1.0,
        "support": 2.0
      },
      "support": 2.0
    },
    "Climate agenda has hidden motives": {
      "metrics": {
        "precision": 0.6086956521739131,
        "recall": 1.0,
        "f1": 0.7567567567567568,
        "support": 14.0
      },
      "support": 14.0
    },
    "Climate cycles are natural": {
      "metrics": {
        "precision": 0.0,
        "recall": 0.0,
        "f1": 0.0,
        "support": 0.0
      },
      "support": 0.0
    },
    "Climate movement is alarmist": {
      "metrics": {
        "precision": 1.0,
        "recall": 1.0,
        "f1": 1.0,
        "support": 1.0
      },
      "support": 1.0
    },
    "Climate policies are ineffective": {
      "metrics": {
        "precision": 0.9166666666666666,
        "recall": 1.0,
        "f1": 0.9565217391304348,
        "support": 22.0
      },
      "support": 22.0
    },
    "Climate policies are only for profit": {
      "metrics": {
        "precision": 1.0,
        "recall": 1.0,
        "f1": 1.0,
        "support": 7.0
      },
      "support": 7.0
    },
    "Climate policies have negative impact on the economy": {
      "metrics": {
        "precision": 0.9090909090909091,
        "recall": 1.0,
        "f1": 0.9523809523809523,
        "support": 10.0
      },
      "support": 10.0
    },
    "Criticism of international entities": {
      "metrics": {
        "precision": 1.0,
        "recall": 1.0,
        "f1": 1.0,
        "support": 10.0
      },
      "support": 10.0
    },
    "Criticism of national governments": {
      "metrics": {
        "precision": 0.6666666666666666,
        "recall": 0.7272727272727273,
        "f1": 0.6956521739130435,
        "support": 11.0
      },
      "support": 11.0
    },
    "Criticism of political organizations and figures": {
      "metrics": {
        "precision": 1.0,
        "recall": 1.0,
        "f1": 1.0,
        "support": 21.0
      },
      "support": 21.0
    },
    "Criticism of the EU": {
      "metrics": {
        "precision": 1.0,
        "recall": 1.0,
        "f1": 1.0,
        "support": 11.0
      },
      "support": 11.0
    },
    "Diplomacy does/will not work": {
      "metrics": {
        "precision": 1.0,
        "recall": 0.8823529411764706,
        "f1": 0.9375,
        "support": 17.0
      },
      "support": 17.0
    },
    "Discrediting Ukrainian government and officials and policies": {
      "metrics": {
        "precision": 1.0,
        "recall": 0.75,