{
  "overall_metrics": {
    "narrative_precision": 0.8756938775510203,
    "narrative_recall": 0.32857142857142857,
    "narrative_f1": 0.4522087426401016,
    "subnarrative_precision": 0.9091803138978218,
    "subnarrative_recall": 0.9714285714285714,
    "subnarrative_f1": 0.9352458938820283
  },
  "narrative_class_metrics": {
    "Amplifying Climate Fears": {
      "metrics": {
        "precision": 1.0,
        "recall": 0.5454545454545454,
        "f1": 0.7058823529411764,
        "support": 22.0
      },
      "support": 22.0
    },
    "Amplifying war-related fears": {
      "metrics": {
        "precision": 0.9444444444444444,
        "recall": 0.6296296296296297,
        "f1": 0.7555555555555556,
        "support": 27.0
      },
      "support": 27.0
    },
    "Blaming the war on others rather than the invader": {
      "metrics": {
        "precision": 1.0,
        "recall": 0.3333333333333333,
        "f1": 0.5,
        "support": 18.0
      },
      "support": 18.0
    },
    "Controversy about green technologies": {
      "metrics": {
        "precision": 0.0,
        "recall": 0.0,
        "f1": 0.0,
        "support": 10.0
      },
      "support": 10.0
    },
    "Criticism of climate movement": {
      "metrics": {
        "precision": 1.0,
        "recall": 0.8888888888888888,
        "f1": 0.9411764705882353,
        "support": 9.0
      },
      "support": 9.0
    },
    "Criticism of climate policies": {
      "metrics": {
        "precision": 0.8,
        "recall": 0.14814814814814814,
        "f1": 0.25,
        "support": 27.0
      },
      "support": 27.0
    },
    "Criticism of institutions and authorities": {
      "metrics": {
        "precision": 0.9375,
        "recall": 0.3409090909090909,
        "f1": 0.5,
        "support": 44.0
      },
      "support": 44.0
    },
    "Discrediting Ukraine": {
      "metrics": {
        "precision": 0.8,
        "recall": 0.4,
        "f1": 0.5333333333333333,
        "support": 30.0
      },
      "support": 30.0
    },
    "Discrediting the West, Diplomacy": {
      "metrics": {
        "precision": 1.0,
        "recall": 0.08695652173913043,
        "f1": 0.16,
        "support": 46.0
      },
      "support": 46.0
    },
    "Distrust towards Media": {
      "metrics": {
        "precision": 0.0,
        "recall": 0.0,
        "f1": 0.0,
        "support": 2.0
      },
      "support": 2.0
    },
    "Downplaying climate change": {
      "metrics": {
        "precision": 1.0,
        "recall": 0.4230769230769231,
        "f1": 0.5945945945945945,
        "support": 26.0
      },
      "support": 26.0
    },
    "Hidden plots by secret schemes of powerful groups": {
      "metrics": {
        "precision": 1.0,
        "recall": 1.0,
        "f1": 1.0,
        "support": 1.0
      },
      "support": 1.0
    },
    "Negative Consequences for the West": {
      "metrics": {
        "precision": 1.0,
        "recall": 0.42857142857142855,
        "f1": 0.6,
        "support": 14.0
      },
      "support": 14.0
    },
    "Other": {
      "metrics": {
        "precision": 0.0,
        "recall": 0.0,
        "f1": 0.0,
        "support": 2.0
      },
      "support": 2.0
    },
    "Overpraising the West": {
      "metrics": {
        "precision": 0.0,
        "recall": 0.0,
        "f1": 0.0,
        "support": 8.0
      },
      "support": 8.0
    },
    "Praise of Russia": {
      "metrics": {
        "precision": 0.8571428571428571,
        "recall": 0.17647058823529413,
        "f1": 0.29268292682926833,
        "support": 34.0
      },
      "support": 34.0
    },
    "Russia is the Victim": {
      "metrics": {
        "precision": 1.0,
        "recall": 0.4482758620689655,
        "f1": 0.6190476190476191,
        "support": 29.0
      },
      "support": 29.0
    },
    "Speculating war outcomes": {
      "metrics": {
        "precision": 0.0,
        "recall": 0.0,
        "f1": 0.0,
        "support": 1.0
      },
      "support": 1.0
    }
  },
  "subnarrative_class_metrics": {
    "Ad hominem attacks on key activists": {
      "metrics": {
        "precision": 1.0,
        "recall": 1.0,
        "f1": 1.0,
        "support": 8.0
      },
      "support": 8.0
    },
    "Amplifying existing fears of global warming": {
      "metrics": {
        "precision": 0.8333333333333334,
        "recall": 0.8333333333333334,
        "f1": 0.8333333333333334,
        "support": 6.0
      },
      "support": 6.0
    },
    "By continuing the war we risk WWIII": {
      "metrics": {
        "precision": 0.7777777777777778,
        "recall": 1.0,
        "f1": 0.8750000000000001,
        "support": 7.0
      },
      "support": 7.0
    },
    "Climate agenda has hidden motives": {
      "metrics": {
        "precision": 1.0,
        "recall": 1.0,
        "f1": 1.0,
        "support": 1.0
      },
      "support": 1.0
    },
    "Climate cycles are natural": {
      "metrics": {
        "precision": 1.0,
        "recall": 1.0,
        "f1": 1.0,
        "support": 1.0
      },
      "support": 1.0
    },
    "Climate policies are ineffective": {
      "metrics": {
        "precision": 1.0,
        "recall": 1.0,
        "f1": 1.0,
        "support": 15.0
      },
      "support": 15.0
    },
    "Climate policies have negative impact on the economy": {
      "metrics": {
        "precision": 0.9230769230769231,
        "recall": 1.0,
        "f1": 0.9600000000000001,
        "support": 12.0
      },
      "support": 12.0
    },
    "Criticism of international entities": {
      "metrics": {
        "precision": 1.0,
        "recall": 1.0,
        "f1": 1.0,
        "support": 9.0
      },
      "support": 9.0
    },
    "Criticism of national governments": {
      "metrics": {
        "precision": 1.0,
        "recall": 1.0,
        "f1": 1.0,
        "support": 5.0
      },
      "support": 5.0
    },
    "Criticism of political organizations and figures": {
      "metrics": {
        "precision": 1.0,
        "recall": 1.0,
        "f1": 1.0,
        "support": 18.0
      },
      "support": 18.0
    },
    "Criticism of the EU": {
      "metrics": {
        "precision": 1.0,
        "recall": 1.0,
        "f1": 1.0,
        "support": 10.0
      },
      "support": 10.0
    },
    "Diplomacy does/will not work": {
      "metrics": {
        "precision": 0.6666666666666666,
        "recall": 0.8,
        "f1": 0.7272727272727272,
        "support": 5.0
      },
      "support": 5.0
    },
    "Discrediting Ukrainian government and officials and policies": {
      "metrics": {
        "precision": 0.8,
        "recall": 0.5714285714285714,
        "f1": 0.6666666666666666,
        "support": 7.0
      },
      "support": 7.0
    },
    "Discrediting Ukrainian military": {
      "metrics": {
        "precision": 0.5,
        "recall": 1.0,
        "f1": 0.6666666666666666,
        "support": 5.0
      },
      "support": 5.0
    },
    "Doomsday scenarios for humans": {
      "metrics": {
        "precision": 0.0,
        "recall": 0.0,
        "f1": 0.0,
        "support": 0.0
      },
      "support": 0.0
    },
    "Earth will be uninhabitable soon": {
      "metrics": {
        "precision": 1.0,
        "recall": 1.0,
        "f1": 1.0,
        "support": 2.0
      },
      "support": 2.0
    },
    "Humans and nature will adapt to the changes": {
      "metrics": {
        "precision": 1.0,
        "recall": 1.0,
        "f1": 1.0,
        "support": 5.0
      },
      "support": 5.0
    },
    "NATO should/will directly intervene": {
      "metrics": {
        "precision": 1.0,
        "recall": 1.0,
        "f1": 1.0,
        "support": 1.0
      },
      "support": 1.0
    },
    "Other": {
      "metrics": {
        "precision": 0.9387755102040817,
        "recall": 0.9787234042553191,
        "f1": 0.9583333333333333,
        "support": 94.0
      },
      "support": 94.0
    },