{
  "overall_metrics": {
    "narrative_precision": 0.8131077168813017,
    "narrative_recall": 0.4339622641509434,
    "narrative_f1": 0.5120127265407712,
    "subnarrative_precision": 0.47931667784966986,
    "subnarrative_recall": 0.8364779874213837,
    "subnarrative_f1": 0.5903348984919332
  },
  "narrative_class_metrics": {
    "Amplifying Climate Fears": {
      "metrics": {
        "precision": 0.9,
        "recall": 1.0,
        "f1": 0.9473684210526316,
        "support": 9.0
      },
      "support": 9.0
    },
    "Amplifying war-related fears": {
      "metrics": {
        "precision": 1.0,
        "recall": 0.045454545454545456,
        "f1": 0.08695652173913045,
        "support": 22.0
      },
      "support": 22.0
    },
    "Blaming the war on others rather than the invader": {
      "metrics": {
        "precision": 0.8888888888888888,
        "recall": 0.7272727272727273,
        "f1": 0.7999999999999999,
        "support": 11.0
      },
      "support": 11.0
    },
    "Controversy about green technologies": {
      "metrics": {
        "precision": 1.0,
        "recall": 0.5833333333333334,
        "f1": 0.7368421052631579,
        "support": 12.0
      },
      "support": 12.0
    },
    "Criticism of climate movement": {
      "metrics": {
        "precision": 0.0,
        "recall": 0.0,
        "f1": 0.0,
        "support": 6.0
      },
      "support": 6.0
    },
    "Criticism of climate policies": {
      "metrics": {
        "precision": 1.0,
        "recall": 0.3333333333333333,
        "f1": 0.5,
        "support": 18.0
      },
      "support": 18.0
    },
    "Criticism of institutions and authorities": {
      "metrics": {
        "precision": 0.6666666666666666,
        "recall": 0.6666666666666666,
        "f1": 0.6666666666666666,
        "support": 18.0
      },
      "support": 18.0
    },
    "Discrediting Ukraine": {
      "metrics": {
        "precision": 1.0,
        "recall": 0.1111111111111111,
        "f1": 0.19999999999999998,
        "support": 18.0
      },
      "support": 18.0
    },
    "Discrediting the West, Diplomacy": {
      "metrics": {
        "precision": 0.8666666666666667,
        "recall": 0.40625,
        "f1": 0.5531914893617021,
        "support": 32.0
      },
      "support": 32.0
    },
    "Distrust towards Media": {
      "metrics": {
        "precision": 1.0,
        "recall": 0.2,
        "f1": 0.33333333333333337,
        "support": 25.0
      },
      "support": 25.0
    },
    "Downplaying climate change": {
      "metrics": {
        "precision": 0.9,
        "recall": 0.5294117647058824,
        "f1": 0.6666666666666667,
        "support": 17.0
      },
      "support": 17.0
    },
    "Hidden plots by secret schemes of powerful groups": {
      "metrics": {
        "precision": 0.0,
        "recall": 0.0,
        "f1": 0.0,
        "support": 16.0
      },
      "support": 16.0
    },
    "Negative Consequences for the West": {
      "metrics": {
        "precision": 0.8333333333333334,
        "recall": 0.8333333333333334,
        "f1": 0.8333333333333334,
        "support": 6.0
      },
      "support": 6.0
    },
    "Other": {
      "metrics": {
        "precision": 0.6,
        "recall": 0.46153846153846156,
        "f1": 0.5217391304347826,
        "support": 13.0
      },
      "support": 13.0
    },
    "Overpraising the West": {
      "metrics": {
        "precision": 0.8181818181818182,
        "recall": 0.8181818181818182,
        "f1": 0.8181818181818182,
        "support": 11.0
      },
      "support": 11.0
    },
    "Praise of Russia": {
      "metrics": {
        "precision": 1.0,
        "recall": 0.875,
        "f1": 0.9333333333333333,
        "support": 40.0
      },
      "support": 40.0
    },
    "Questioning the measurements and science": {
      "metrics": {
        "precision": 0.0,
        "recall": 0.0,
        "f1": 0.0,
        "support": 8.0
      },
      "support": 8.0
    },
    "Russia is the Victim": {
      "metrics": {
        "precision": 1.0,
        "recall": 0.09090909090909091,
        "f1": 0.16666666666666669,
        "support": 11.0
      },
      "support": 11.0
    },
    "Speculating war outcomes": {
      "metrics": {
        "precision": 0.7142857142857143,
        "recall": 0.4,
        "f1": 0.5128205128205129,
        "support": 25.0
      },
      "support": 25.0
    }
  },
  "subnarrative_class_metrics": {
    "Ad hominem attacks on key activists": {
      "metrics": {
        "precision": 0.0,
        "recall": 0.0,
        "f1": 0.0,
        "support": 3.0
      },
      "support": 3.0
    },
    "Amplifying existing fears of global warming": {
      "metrics": {
        "precision": 0.9,
        "recall": 1.0,
        "f1": 0.9473684210526316,
        "support": 9.0
      },
      "support": 9.0
    },
    "Blaming global elites": {
      "metrics": {
        "precision": 0.0,
        "recall": 0.0,
        "f1": 0.0,
        "support": 3.0
      },
      "support": 3.0
    },
    "By continuing the war we risk WWIII": {
      "metrics": {
        "precision": 0.8,
        "recall": 1.0,
        "f1": 0.888888888888889,
        "support": 8.0
      },
      "support": 8.0
    },
    "CO2 concentrations are too small to have an impact": {
      "metrics": {
        "precision": 0.42857142857142855,
        "recall": 1.0,
        "f1": 0.6,
        "support": 3.0
      },
      "support": 3.0
    },
    "Climate agenda has hidden motives": {
      "metrics": {
        "precision": 0.47619047619047616,
        "recall": 0.9090909090909091,
        "f1": 0.6249999999999999,
        "support": 11.0
      },
      "support": 11.0
    },
    "Climate movement is alarmist": {
      "metrics": {
        "precision": 0.0,
        "recall": 0.0,
        "f1": 0.0,
        "support": 2.0
      },
      "support": 2.0
    },
    "Climate policies are ineffective": {
      "metrics": {
        "precision": 0.0,
        "recall": 0.0,
        "f1": 0.0,
        "support": 2.0
      },
      "support": 2.0
    },
    "Climate policies are only for profit": {
      "metrics": {
        "precision": 0.2857142857142857,
        "recall": 0.6666666666666666,
        "f1": 0.4,
        "support": 6.0
      },
      "support": 6.0
    },
    "Climate policies have negative impact on the economy": {
      "metrics": {
        "precision": 0.2,
        "recall": 0.3333333333333333,
        "f1": 0.25,
        "support": 3.0
      },
      "support": 3.0
    },
    "Criticism of international entities": {
      "metrics": {
        "precision": 0.2,
        "recall": 1.0,
        "f1": 0.33333333333333337,
        "support": 5.0
      },
      "support": 5.0
    },
    "Criticism of national governments": {
      "metrics": {
        "precision": 0.23809523809523808,
        "recall": 0.8333333333333334,
        "f1": 0.37037037037037035,
        "support": 6.0
      },
      "support": 6.0
    },
    "Criticism of political organizations and figures": {
      "metrics": {
        "precision": 0.23529411764705882,
        "recall": 0.6666666666666666,
        "f1": 0.3478260869565218,
        "support": 6.0
      },
      "support": 6.0
    },
    "Criticism of the EU": {
      "metrics": {
        "precision": 0.0,
        "recall": 0.0,
        "f1": 0.0,
        "support": 0.0
      },
      "support": 0.0
    },
    "Diplomacy does/will not work": {
      "metrics": {
        "precision": 0.4,
        "recall": 0.5,
        "f1": 0.4444444444444445,
        "support": 4.0
      },
      "support": 4.0
    },
    "Discrediting Ukrainian government and officials and policies": {
      "metrics": {
        "precision": 0.4375,
        "recall": 0.875,
        "f1": 0.5833333333333334,
        "support": 8.0
      },
      "support": 8.0
    },
    "Discrediting Ukrainian military": {
      "metrics": {
        "precision": 0.0,
        "recall": 0.0,
        "f1": 0.0,
        "support": 5.0
      },
      "support": 5.0
    },