{
  "overall_metrics": {
    "narrative_precision": 0.938416707670439,
    "narrative_recall": 0.39104477611940297,
    "narrative_f1": 0.5308402705610334,
    "subnarrative_precision": 0.6445344033114946,
    "subnarrative_recall": 0.9417910447761194,
    "subnarrative_f1": 0.7450123748139617
  },
  "narrative_class_metrics": {
    "Amplifying Climate Fears": {
      "metrics": {
        "precision": 0.9230769230769231,
        "recall": 0.48,
        "f1": 0.631578947368421,
        "support": 25.0
      },
      "support": 25.0
    },
    "Amplifying war-related fears": {
      "metrics": {
        "precision": 1.0,
        "recall": 0.375,
        "f1": 0.5454545454545454,
        "support": 40.0
      },
      "support": 40.0
    },
    "Blaming the war on others rather than the invader": {
      "metrics": {
        "precision": 0.8,
        "recall": 0.2857142857142857,
        "f1": 0.4210526315789473,
        "support": 28.0
      },
      "support": 28.0
    },
    "Controversy about green technologies": {
      "metrics": {
        "precision": 1.0,
        "recall": 0.0625,
        "f1": 0.11764705882352941,
        "support": 32.0
      },
      "support": 32.0
    },
    "Criticism of climate movement": {
      "metrics": {
        "precision": 1.0,
        "recall": 0.2222222222222222,
        "f1": 0.3636363636363636,
        "support": 9.0
      },
      "support": 9.0
    },
    "Criticism of climate policies": {
      "metrics": {
        "precision": 1.0,
        "recall": 0.29545454545454547,
        "f1": 0.456140350877193,
        "support": 44.0
      },
      "support": 44.0
    },
    "Criticism of institutions and authorities": {
      "metrics": {
        "precision": 0.9047619047619048,
        "recall": 0.6031746031746031,
        "f1": 0.7238095238095238,
        "support": 63.0
      },
      "support": 63.0
    },
    "Discrediting Ukraine": {
      "metrics": {
        "precision": 0.8333333333333334,
        "recall": 0.20408163265306123,
        "f1": 0.3278688524590165,
        "support": 49.0
      },
      "support": 49.0
    },
    "Discrediting the West, Diplomacy": {
      "metrics": {
        "precision": 0.9523809523809523,
        "recall": 0.273972602739726,
        "f1": 0.425531914893617,
        "support": 73.0
      },
      "support": 73.0
    },
    "Distrust towards Media": {
      "metrics": {
        "precision": 1.0,
        "recall": 0.7407407407407407,
        "f1": 0.851063829787234,
        "support": 27.0
      },
      "support": 27.0
    },
    "Downplaying climate change": {
      "metrics": {
        "precision": 1.0,
        "recall": 0.38095238095238093,
        "f1": 0.5517241379310345,
        "support": 42.0
      },
      "support": 42.0
    },
    "Hidden plots by secret schemes of powerful groups": {
      "metrics": {
        "precision": 1.0,
        "recall": 0.4482758620689655,
        "f1": 0.6190476190476191,
        "support": 29.0
      },
      "support": 29.0
    },
    "Negative Consequences for the West": {
      "metrics": {
        "precision": 0.875,
        "recall": 0.7,
        "f1": 0.7777777777777777,
        "support": 20.0
      },
      "support": 20.0
    },
    "Other": {
      "metrics": {
        "precision": 0.6666666666666666,
        "recall": 0.125,
        "f1": 0.21052631578947367,
        "support": 16.0
      },
      "support": 16.0
    },
    "Overpraising the West": {
      "metrics": {
        "precision": 0.8666666666666667,
        "recall": 0.6190476190476191,
        "f1": 0.7222222222222222,
        "support": 21.0
      },
      "support": 21.0
    },
    "Praise of Russia": {
      "metrics": {
        "precision": 0.9230769230769231,
        "recall": 0.3380281690140845,
        "f1": 0.49484536082474223,
        "support": 71.0
      },
      "support": 71.0
    },
    "Questioning the measurements and science": {
      "metrics": {
        "precision": 1.0,
        "recall": 0.7272727272727273,
        "f1": 0.8421052631578948,
        "support": 11.0
      },
      "support": 11.0
    },
    "Russia is the Victim": {
      "metrics": {
        "precision": 1.0,
        "recall": 0.42857142857142855,
        "f1": 0.6,
        "support": 49.0
      },
      "support": 49.0
    },
    "Speculating war outcomes": {
      "metrics": {
        "precision": 1.0,
        "recall": 0.5238095238095238,
        "f1": 0.6875000000000001,
        "support": 21.0
      },
      "support": 21.0
    }
  },
  "subnarrative_class_metrics": {
    "Ad hominem attacks on key activists": {
      "metrics": {
        "precision": 0.875,
        "recall": 1.0,
        "f1": 0.9333333333333333,
        "support": 7.0
      },
      "support": 7.0
    },
    "Amplifying existing fears of global warming": {
      "metrics": {
        "precision": 0.4782608695652174,
        "recall": 0.8461538461538461,
        "f1": 0.6111111111111112,
        "support": 13.0
      },
      "support": 13.0
    },
    "Blaming global elites": {
      "metrics": {
        "precision": 0.0,
        "recall": 0.0,
        "f1": 0.0,
        "support": 3.0
      },
      "support": 3.0
    },
    "By continuing the war we risk WWIII": {
      "metrics": {
        "precision": 0.6111111111111112,
        "recall": 1.0,
        "f1": 0.7586206896551725,
        "support": 11.0
      },
      "support": 11.0
    },
    "CO2 concentrations are too small to have an impact": {
      "metrics": {
        "precision": 1.0,
        "recall": 1.0,
        "f1": 1.0,
        "support": 6.0
      },
      "support": 6.0
    },
    "Climate agenda has hidden motives": {
      "metrics": {
        "precision": 0.7037037037037037,
        "recall": 1.0,
        "f1": 0.8260869565217391,
        "support": 19.0
      },
      "support": 19.0
    },
    "Climate cycles are natural": {
      "metrics": {
        "precision": 0.0,
        "recall": 0.0,
        "f1": 0.0,
        "support": 0.0
      },
      "support": 0.0
    },
    "Climate movement is alarmist": {
      "metrics": {
        "precision": 1.0,
        "recall": 1.0,
        "f1": 1.0,
        "support": 1.0
      },
      "support": 1.0
    },
    "Climate policies are ineffective": {
      "metrics": {
        "precision": 0.5128205128205128,
        "recall": 1.0,
        "f1": 0.6779661016949152,
        "support": 20.0
      },
      "support": 20.0
    },
    "Climate policies are only for profit": {
      "metrics": {
        "precision": 0.45454545454545453,
        "recall": 1.0,
        "f1": 0.625,
        "support": 5.0
      },
      "support": 5.0
    },
    "Climate policies have negative impact on the economy": {
      "metrics": {
        "precision": 0.5,
        "recall": 1.0,
        "f1": 0.6666666666666666,
        "support": 9.0
      },
      "support": 9.0
    },
    "Criticism of international entities": {
      "metrics": {
        "precision": 0.5,
        "recall": 0.8181818181818182,
        "f1": 0.6206896551724137,
        "support": 11.0
      },
      "support": 11.0
    },
    "Criticism of national governments": {
      "metrics": {
        "precision": 0.5555555555555556,
        "recall": 0.7692307692307693,
        "f1": 0.6451612903225806,
        "support": 13.0
      },
      "support": 13.0
    },
    "Criticism of political organizations and figures": {
      "metrics": {
        "precision": 0.574468085106383,
        "recall": 0.9,
        "f1": 0.7012987012987012,
        "support": 30.0
      },
      "support": 30.0
    },
    "Criticism of the EU": {
      "metrics": {
        "precision": 1.0,
        "recall": 1.0,
        "f1": 1.0,
        "support": 9.0
      },
      "support": 9.0
    },
    "Diplomacy does/will not work": {
      "metrics": {
        "precision": 0.29411764705882354,
        "recall": 0.9090909090909091,
        "f1": 0.4444444444444445,
        "support": 11.0
      },
      "support": 11.0
    },