{
  "overall_metrics": {
    "narrative_precision": 0.8811120252296724,
    "narrative_recall": 0.3925373134328358,
    "narrative_f1": 0.5208487113549679,
    "subnarrative_precision": 0.4796434935835189,
    "subnarrative_recall": 0.9014925373134328,
    "subnarrative_f1": 0.6051087347276208
  },
  "narrative_class_metrics": {
    "Amplifying Climate Fears": {
      "metrics": {
        "precision": 0.9,
        "recall": 0.72,
        "f1": 0.7999999999999999,
        "support": 25.0
      },
      "support": 25.0
    },
    "Amplifying war-related fears": {
      "metrics": {
        "precision": 0.8125,
        "recall": 0.325,
        "f1": 0.46428571428571436,
        "support": 40.0
      },
      "support": 40.0
    },
    "Blaming the war on others rather than the invader": {
      "metrics": {
        "precision": 0.6875,
        "recall": 0.39285714285714285,
        "f1": 0.5,
        "support": 28.0
      },
      "support": 28.0
    },
    "Controversy about green technologies": {
      "metrics": {
        "precision": 0.0,
        "recall": 0.0,
        "f1": 0.0,
        "support": 32.0
      },
      "support": 32.0
    },
    "Criticism of climate movement": {
      "metrics": {
        "precision": 1.0,
        "recall": 0.1111111111111111,
        "f1": 0.19999999999999998,
        "support": 9.0
      },
      "support": 9.0
    },
    "Criticism of climate policies": {
      "metrics": {
        "precision": 1.0,
        "recall": 0.4090909090909091,
        "f1": 0.5806451612903226,
        "support": 44.0
      },
      "support": 44.0
    },
    "Criticism of institutions and authorities": {
      "metrics": {
        "precision": 0.9696969696969697,
        "recall": 0.5079365079365079,
        "f1": 0.6666666666666666,
        "support": 63.0
      },
      "support": 63.0
    },
    "Discrediting Ukraine": {
      "metrics": {
        "precision": 0.75,
        "recall": 0.1836734693877551,
        "f1": 0.2950819672131148,
        "support": 49.0
      },
      "support": 49.0
    },
    "Discrediting the West, Diplomacy": {
      "metrics": {
        "precision": 0.9705882352941176,
        "recall": 0.4520547945205479,
        "f1": 0.616822429906542,
        "support": 73.0
      },
      "support": 73.0
    },
    "Distrust towards Media": {
      "metrics": {
        "precision": 1.0,
        "recall": 0.8888888888888888,
        "f1": 0.9411764705882353,
        "support": 27.0
      },
      "support": 27.0
    },
    "Downplaying climate change": {
      "metrics": {
        "precision": 0.8888888888888888,
        "recall": 0.38095238095238093,
        "f1": 0.5333333333333333,
        "support": 42.0
      },
      "support": 42.0
    },
    "Hidden plots by secret schemes of powerful groups": {
      "metrics": {
        "precision": 1.0,
        "recall": 0.2413793103448276,
        "f1": 0.3888888888888889,
        "support": 29.0
      },
      "support": 29.0
    },
    "Negative Consequences for the West": {
      "metrics": {
        "precision": 1.0,
        "recall": 0.4,
        "f1": 0.5714285714285715,
        "support": 20.0
      },
      "support": 20.0
    },
    "Other": {
      "metrics": {
        "precision": 1.0,
        "recall": 0.375,
        "f1": 0.5454545454545454,
        "support": 16.0
      },
      "support": 16.0
    },
    "Overpraising the West": {
      "metrics": {
        "precision": 1.0,
        "recall": 0.14285714285714285,
        "f1": 0.25,
        "support": 21.0
      },
      "support": 21.0
    },
    "Praise of Russia": {
      "metrics": {
        "precision": 0.9230769230769231,
        "recall": 0.5070422535211268,
        "f1": 0.6545454545454545,
        "support": 71.0
      },
      "support": 71.0
    },
    "Questioning the measurements and science": {
      "metrics": {
        "precision": 1.0,
        "recall": 0.5454545454545454,
        "f1": 0.7058823529411764,
        "support": 11.0
      },
      "support": 11.0
    },
    "Russia is the Victim": {
      "metrics": {
        "precision": 1.0,
        "recall": 0.14285714285714285,
        "f1": 0.25,
        "support": 49.0
      },
      "support": 49.0
    },
    "Speculating war outcomes": {
      "metrics": {
        "precision": 0.8823529411764706,
        "recall": 0.7142857142857143,
        "f1": 0.7894736842105262,
        "support": 21.0
      },
      "support": 21.0
    }
  },
  "subnarrative_class_metrics": {
    "Ad hominem attacks on key activists": {
      "metrics": {
        "precision": 0.21212121212121213,
        "recall": 1.0,
        "f1": 0.35,
        "support": 7.0
      },
      "support": 7.0
    },
    "Amplifying existing fears of global warming": {
      "metrics": {
        "precision": 0.5,
        "recall": 1.0,
        "f1": 0.6666666666666666,
        "support": 13.0
      },
      "support": 13.0
    },
    "Blaming global elites": {
      "metrics": {
        "precision": 0.0,
        "recall": 0.0,
        "f1": 0.0,
        "support": 3.0
      },
      "support": 3.0
    },
    "By continuing the war we risk WWIII": {
      "metrics": {
        "precision": 0.44,
        "recall": 1.0,
        "f1": 0.6111111111111112,
        "support": 11.0
      },
      "support": 11.0
    },
    "CO2 concentrations are too small to have an impact": {
      "metrics": {
        "precision": 1.0,
        "recall": 1.0,
        "f1": 1.0,
        "support": 6.0
      },
      "support": 6.0
    },
    "Climate agenda has hidden motives": {
      "metrics": {
        "precision": 0.6551724137931034,
        "recall": 1.0,
        "f1": 0.7916666666666666,
        "support": 19.0
      },
      "support": 19.0
    },
    "Climate cycles are natural": {
      "metrics": {
        "precision": 0.0,
        "recall": 0.0,
        "f1": 0.0,
        "support": 0.0
      },
      "support": 0.0
    },
    "Climate movement is alarmist": {
      "metrics": {
        "precision": 0.0,
        "recall": 0.0,
        "f1": 0.0,
        "support": 1.0
      },
      "support": 1.0
    },
    "Climate policies are ineffective": {
      "metrics": {
        "precision": 0.4,
        "recall": 1.0,
        "f1": 0.5714285714285715,
        "support": 20.0
      },
      "support": 20.0
    },
    "Climate policies are only for profit": {
      "metrics": {
        "precision": 0.2222222222222222,
        "recall": 0.4,
        "f1": 0.2857142857142857,
        "support": 5.0
      },
      "support": 5.0
    },
    "Climate policies have negative impact on the economy": {
      "metrics": {
        "precision": 0.1836734693877551,
        "recall": 1.0,
        "f1": 0.3103448275862069,
        "support": 9.0
      },
      "support": 9.0
    },
    "Criticism of international entities": {
      "metrics": {
        "precision": 0.39285714285714285,
        "recall": 1.0,
        "f1": 0.5641025641025641,
        "support": 11.0
      },
      "support": 11.0
    },
    "Criticism of national governments": {
      "metrics": {
        "precision": 0.2564102564102564,
        "recall": 0.7692307692307693,
        "f1": 0.38461538461538464,
        "support": 13.0
      },
      "support": 13.0
    },
    "Criticism of political organizations and figures": {
      "metrics": {
        "precision": 0.5283018867924528,
        "recall": 0.9333333333333333,
        "f1": 0.6746987951807228,
        "support": 30.0
      },
      "support": 30.0
    },
    "Criticism of the EU": {
      "metrics": {
        "precision": 0.3333333333333333,
        "recall": 1.0,
        "f1": 0.5,
        "support": 9.0
      },
      "support": 9.0
    },
    "Diplomacy does/will not work": {
      "metrics": {
        "precision": 0.24390243902439024,
        "recall": 0.9090909090909091,
        "f1": 0.38461538461538464,
        "support": 11.0
      },
      "support": 11.0
    },