{
  "overall_metrics": {
    "narrative_precision": 0.9373326581193777,
    "narrative_recall": 0.48466257668711654,
    "narrative_f1": 0.5817561476524077,
    "subnarrative_precision": 0.9551696258751473,
    "subnarrative_recall": 0.9877300613496932,
    "subnarrative_f1": 0.9677535437549873
  },
  "narrative_class_metrics": {
    "Amplifying Climate Fears": {
      "metrics": {
        "precision": 1.0,
        "recall": 1.0,
        "f1": 1.0,
        "support": 12.0
      },
      "support": 12.0
    },
    "Amplifying war-related fears": {
      "metrics": {
        "precision": 1.0,
        "recall": 0.3157894736842105,
        "f1": 0.4799999999999999,
        "support": 19.0
      },
      "support": 19.0
    },
    "Blaming the war on others rather than the invader": {
      "metrics": {
        "precision": 1.0,
        "recall": 0.5882352941176471,
        "f1": 0.7407407407407407,
        "support": 17.0
      },
      "support": 17.0
    },
    "Controversy about green technologies": {
      "metrics": {
        "precision": 0.0,
        "recall": 0.0,
        "f1": 0.0,
        "support": 13.0
      },
      "support": 13.0
    },
    "Criticism of climate movement": {
      "metrics": {
        "precision": 0.8,
        "recall": 1.0,
        "f1": 0.888888888888889,
        "support": 4.0
      },
      "support": 4.0
    },
    "Criticism of climate policies": {
      "metrics": {
        "precision": 1.0,
        "recall": 0.19047619047619047,
        "f1": 0.32,
        "support": 21.0
      },
      "support": 21.0
    },
    "Criticism of institutions and authorities": {
      "metrics": {
        "precision": 0.8823529411764706,
        "recall": 0.75,
        "f1": 0.8108108108108107,
        "support": 20.0
      },
      "support": 20.0
    },
    "Discrediting Ukraine": {
      "metrics": {
        "precision": 0.9090909090909091,
        "recall": 0.47619047619047616,
        "f1": 0.6249999999999999,
        "support": 21.0
      },
      "support": 21.0
    },
    "Discrediting the West, Diplomacy": {
      "metrics": {
        "precision": 1.0,
        "recall": 0.17142857142857143,
        "f1": 0.2926829268292683,
        "support": 35.0
      },
      "support": 35.0
    },
    "Distrust towards Media": {
      "metrics": {
        "precision": 1.0,
        "recall": 0.5789473684210527,
        "f1": 0.7333333333333334,
        "support": 19.0
      },
      "support": 19.0
    },
    "Downplaying climate change": {
      "metrics": {
        "precision": 1.0,
        "recall": 0.23076923076923078,
        "f1": 0.375,
        "support": 13.0
      },
      "support": 13.0
    },
    "Hidden plots by secret schemes of powerful groups": {
      "metrics": {
        "precision": 1.0,
        "recall": 0.05,
        "f1": 0.09523809523809523,
        "support": 20.0
      },
      "support": 20.0
    },
    "Negative Consequences for the West": {
      "metrics": {
        "precision": 0.9230769230769231,
        "recall": 1.0,
        "f1": 0.9600000000000001,
        "support": 12.0
      },
      "support": 12.0
    },
    "Other": {
      "metrics": {
        "precision": 0.8888888888888888,
        "recall": 0.6153846153846154,
        "f1": 0.7272727272727274,
        "support": 13.0
      },
      "support": 13.0
    },
    "Overpraising the West": {
      "metrics": {
        "precision": 1.0,
        "recall": 0.7,
        "f1": 0.8235294117647058,
        "support": 10.0
      },
      "support": 10.0
    },
    "Praise of Russia": {
      "metrics": {
        "precision": 1.0,
        "recall": 0.25,
        "f1": 0.4,
        "support": 28.0
      },
      "support": 28.0
    },
    "Questioning the measurements and science": {
      "metrics": {
        "precision": 1.0,
        "recall": 1.0,
        "f1": 1.0,
        "support": 11.0
      },
      "support": 11.0
    },
    "Russia is the Victim": {
      "metrics": {
        "precision": 1.0,
        "recall": 0.9444444444444444,
        "f1": 0.9714285714285714,
        "support": 18.0
      },
      "support": 18.0
    },
    "Speculating war outcomes": {
      "metrics": {
        "precision": 1.0,
        "recall": 0.7,
        "f1": 0.8235294117647058,
        "support": 20.0
      },
      "support": 20.0
    }
  },
  "subnarrative_class_metrics": {
    "Ad hominem attacks on key activists": {
      "metrics": {
        "precision": 0.6,
        "recall": 1.0,
        "f1": 0.7499999999999999,
        "support": 3.0
      },
      "support": 3.0
    },
    "Amplifying existing fears of global warming": {
      "metrics": {
        "precision": 1.0,
        "recall": 1.0,
        "f1": 1.0,
        "support": 12.0
      },
      "support": 12.0
    },
    "Blaming global elites": {
      "metrics": {
        "precision": 0.0,
        "recall": 0.0,
        "f1": 0.0,
        "support": 0.0
      },
      "support": 0.0
    },
    "By continuing the war we risk WWIII": {
      "metrics": {
        "precision": 1.0,
        "recall": 0.8333333333333334,
        "f1": 0.9090909090909091,
        "support": 6.0
      },
      "support": 6.0
    },
    "CO2 concentrations are too small to have an impact": {
      "metrics": {
        "precision": 1.0,
        "recall": 1.0,
        "f1": 1.0,
        "support": 3.0
      },
      "support": 3.0
    },
    "Climate agenda has hidden motives": {
      "metrics": {
        "precision": 1.0,
        "recall": 1.0,
        "f1": 1.0,
        "support": 13.0
      },
      "support": 13.0
    },
    "Climate movement is alarmist": {
      "metrics": {
        "precision": 1.0,
        "recall": 1.0,
        "f1": 1.0,
        "support": 1.0
      },
      "support": 1.0
    },
    "Climate policies are ineffective": {
      "metrics": {
        "precision": 1.0,
        "recall": 1.0,
        "f1": 1.0,
        "support": 5.0
      },
      "support": 5.0
    },
    "Climate policies are only for profit": {
      "metrics": {
        "precision": 1.0,
        "recall": 1.0,
        "f1": 1.0,
        "support": 7.0
      },
      "support": 7.0
    },
    "Climate policies have negative impact on the economy": {
      "metrics": {
        "precision": 1.0,
        "recall": 1.0,
        "f1": 1.0,
        "support": 4.0
      },
      "support": 4.0
    },
    "Criticism of international entities": {
      "metrics": {
        "precision": 0.6,
        "recall": 1.0,
        "f1": 0.7499999999999999,
        "support": 3.0
      },
      "support": 3.0
    },
    "Criticism of national governments": {
      "metrics": {
        "precision": 0.8333333333333334,
        "recall": 1.0,
        "f1": 0.9090909090909091,
        "support": 5.0
      },
      "support": 5.0
    },
    "Criticism of political organizations and figures": {
      "metrics": {
        "precision": 1.0,
        "recall": 1.0,
        "f1": 1.0,
        "support": 10.0
      },
      "support": 10.0
    },
    "Criticism of the EU": {
      "metrics": {
        "precision": 0.25,
        "recall": 1.0,
        "f1": 0.4,
        "support": 1.0
      },
      "support": 1.0
    },
    "Diplomacy does/will not work": {
      "metrics": {
        "precision": 1.0,
        "recall": 1.0,
        "f1": 1.0,
        "support": 6.0
      },
      "support": 6.0
    },
    "Discrediting Ukrainian government and officials and policies": {
      "metrics": {
        "precision": 0.9090909090909091,
        "recall": 1.0,
        "f1": 0.9523809523809523,
        "support": 10.0
      },
      "support": 10.0
    },
    "Discrediting Ukrainian military": {
      "metrics": {
        "precision": 1.0,
        "recall": 1.0,
        "f1": 1.0,
        "support": 4.0
      },
      "support": 4.0
    },
    "Ice is not melting": {
      "metrics": {
        "precision": 1.0,
        "recall": 1.0,
        "f1": 1.0,
        "support": 3.0
      },
      "support": 3.0
    },
    "Other": {
      "metrics": {
        "precision": 1.0,