{
  "overall_metrics": {
    "narrative_precision": 0.923015873015873,
    "narrative_recall": 0.33714285714285713,
    "narrative_f1": 0.4626595976517989,
    "subnarrative_precision": 0.8606813705940949,
    "subnarrative_recall": 0.9657142857142857,
    "subnarrative_f1": 0.9005498290382982
  },
  "narrative_class_metrics": {
    "Amplifying Climate Fears": {
      "metrics": {
        "precision": 0.8888888888888888,
        "recall": 0.36363636363636365,
        "f1": 0.5161290322580644,
        "support": 22.0
      },
      "support": 22.0
    },
    "Amplifying war-related fears": {
      "metrics": {
        "precision": 1.0,
        "recall": 0.7407407407407407,
        "f1": 0.851063829787234,
        "support": 27.0
      },
      "support": 27.0
    },
    "Blaming the war on others rather than the invader": {
      "metrics": {
        "precision": 1.0,
        "recall": 0.2777777777777778,
        "f1": 0.4347826086956522,
        "support": 18.0
      },
      "support": 18.0
    },
    "Controversy about green technologies": {
      "metrics": {
        "precision": 0.0,
        "recall": 0.0,
        "f1": 0.0,
        "support": 10.0
      },
      "support": 10.0
    },
    "Criticism of climate movement": {
      "metrics": {
        "precision": 1.0,
        "recall": 0.8888888888888888,
        "f1": 0.9411764705882353,
        "support": 9.0
      },
      "support": 9.0
    },
    "Criticism of climate policies": {
      "metrics": {
        "precision": 1.0,
        "recall": 0.14814814814814814,
        "f1": 0.25806451612903225,
        "support": 27.0
      },
      "support": 27.0
    },
    "Criticism of institutions and authorities": {
      "metrics": {
        "precision": 0.9375,
        "recall": 0.3409090909090909,
        "f1": 0.5,
        "support": 44.0
      },
      "support": 44.0
    },
    "Discrediting Ukraine": {
      "metrics": {
        "precision": 0.8333333333333334,
        "recall": 0.16666666666666666,
        "f1": 0.2777777777777778,
        "support": 30.0
      },
      "support": 30.0
    },
    "Discrediting the West, Diplomacy": {
      "metrics": {
        "precision": 1.0,
        "recall": 0.10869565217391304,
        "f1": 0.19607843137254902,
        "support": 46.0
      },
      "support": 46.0
    },
    "Distrust towards Media": {
      "metrics": {
        "precision": 0.0,
        "recall": 0.0,
        "f1": 0.0,
        "support": 2.0
      },
      "support": 2.0
    },
    "Downplaying climate change": {
      "metrics": {
        "precision": 1.0,
        "recall": 0.6153846153846154,
        "f1": 0.761904761904762,
        "support": 26.0
      },
      "support": 26.0
    },
    "Hidden plots by secret schemes of powerful groups": {
      "metrics": {
        "precision": 1.0,
        "recall": 1.0,
        "f1": 1.0,
        "support": 1.0
      },
      "support": 1.0
    },
    "Negative Consequences for the West": {
      "metrics": {
        "precision": 0.875,
        "recall": 0.5,
        "f1": 0.6363636363636364,
        "support": 14.0
      },
      "support": 14.0
    },
    "Other": {
      "metrics": {
        "precision": 0.0,
        "recall": 0.0,
        "f1": 0.0,
        "support": 2.0
      },
      "support": 2.0
    },
    "Overpraising the West": {
      "metrics": {
        "precision": 1.0,
        "recall": 0.5,
        "f1": 0.6666666666666666,
        "support": 8.0
      },
      "support": 8.0
    },
    "Praise of Russia": {
      "metrics": {
        "precision": 1.0,
        "recall": 0.23529411764705882,
        "f1": 0.38095238095238093,
        "support": 34.0
      },
      "support": 34.0
    },
    "Russia is the Victim": {
      "metrics": {
        "precision": 1.0,
        "recall": 0.41379310344827586,
        "f1": 0.5853658536585366,
        "support": 29.0
      },
      "support": 29.0
    },
    "Speculating war outcomes": {
      "metrics": {
        "precision": 0.0,
        "recall": 0.0,
        "f1": 0.0,
        "support": 1.0
      },
      "support": 1.0
    }
  },
  "subnarrative_class_metrics": {
    "Ad hominem attacks on key activists": {
      "metrics": {
        "precision": 1.0,
        "recall": 1.0,
        "f1": 1.0,
        "support": 8.0
      },
      "support": 8.0
    },
    "Amplifying existing fears of global warming": {
      "metrics": {
        "precision": 0.7142857142857143,
        "recall": 0.8333333333333334,
        "f1": 0.7692307692307692,
        "support": 6.0
      },
      "support": 6.0
    },
    "By continuing the war we risk WWIII": {
      "metrics": {
        "precision": 0.5833333333333334,
        "recall": 1.0,
        "f1": 0.7368421052631579,
        "support": 7.0
      },
      "support": 7.0
    },
    "Climate agenda has hidden motives": {
      "metrics": {
        "precision": 1.0,
        "recall": 1.0,
        "f1": 1.0,
        "support": 1.0
      },
      "support": 1.0
    },
    "Climate cycles are natural": {
      "metrics": {
        "precision": 1.0,
        "recall": 1.0,
        "f1": 1.0,
        "support": 1.0
      },
      "support": 1.0
    },
    "Climate policies are ineffective": {
      "metrics": {
        "precision": 1.0,
        "recall": 1.0,
        "f1": 1.0,
        "support": 15.0
      },
      "support": 15.0
    },
    "Climate policies have negative impact on the economy": {
      "metrics": {
        "precision": 1.0,
        "recall": 1.0,
        "f1": 1.0,
        "support": 12.0
      },
      "support": 12.0
    },
    "Criticism of international entities": {
      "metrics": {
        "precision": 1.0,
        "recall": 1.0,
        "f1": 1.0,
        "support": 9.0
      },
      "support": 9.0
    },
    "Criticism of national governments": {
      "metrics": {
        "precision": 1.0,
        "recall": 0.6,
        "f1": 0.7499999999999999,
        "support": 5.0
      },
      "support": 5.0
    },
    "Criticism of political organizations and figures": {
      "metrics": {
        "precision": 1.0,
        "recall": 1.0,
        "f1": 1.0,
        "support": 18.0
      },
      "support": 18.0
    },
    "Criticism of the EU": {
      "metrics": {
        "precision": 1.0,
        "recall": 1.0,
        "f1": 1.0,
        "support": 10.0
      },
      "support": 10.0
    },
    "Diplomacy does/will not work": {
      "metrics": {
        "precision": 1.0,
        "recall": 0.8,
        "f1": 0.888888888888889,
        "support": 5.0
      },
      "support": 5.0
    },
    "Discrediting Ukrainian government and officials and policies": {
      "metrics": {
        "precision": 0.8333333333333334,
        "recall": 0.7142857142857143,
        "f1": 0.7692307692307692,
        "support": 7.0
      },
      "support": 7.0
    },
    "Discrediting Ukrainian military": {
      "metrics": {
        "precision": 0.5555555555555556,
        "recall": 1.0,
        "f1": 0.7142857142857143,
        "support": 5.0
      },
      "support": 5.0
    },
    "Doomsday scenarios for humans": {
      "metrics": {
        "precision": 0.0,
        "recall": 0.0,
        "f1": 0.0,
        "support": 0.0
      },
      "support": 0.0
    },
    "Earth will be uninhabitable soon": {
      "metrics": {
        "precision": 1.0,
        "recall": 1.0,
        "f1": 1.0,
        "support": 2.0
      },
      "support": 2.0
    },
    "Humans and nature will adapt to the changes": {
      "metrics": {
        "precision": 1.0,
        "recall": 1.0,
        "f1": 1.0,
        "support": 5.0
      },
      "support": 5.0
    },
    "NATO should/will directly intervene": {
      "metrics": {
        "precision": 0.5,
        "recall": 1.0,
        "f1": 0.6666666666666666,
        "support": 1.0
      },
      "support": 1.0
    },
    "Other": {
      "metrics": {
        "precision": 0.900990099009901,
        "recall": 0.9680851063829787,
        "f1": 0.9333333333333335,
        "support": 94.0
      },
      "support": 94.0
    },