{
  "overall_metrics": {
    "narrative_precision": 0.924231366687183,
    "narrative_recall": 0.3991031390134529,
    "narrative_f1": 0.5376293879396856,
    "subnarrative_precision": 0.8633638767306321,
    "subnarrative_recall": 0.9566517189835575,
    "subnarrative_f1": 0.901065892642085
  },
  "narrative_class_metrics": {
    "Amplifying Climate Fears": {
      "metrics": {
        "precision": 1.0,
        "recall": 0.72,
        "f1": 0.8372093023255813,
        "support": 25.0
      },
      "support": 25.0
    },
    "Amplifying war-related fears": {
      "metrics": {
        "precision": 0.7333333333333333,
        "recall": 0.2619047619047619,
        "f1": 0.38596491228070173,
        "support": 42.0
      },
      "support": 42.0
    },
    "Blaming the war on others rather than the invader": {
      "metrics": {
        "precision": 0.8571428571428571,
        "recall": 0.36363636363636365,
        "f1": 0.5106382978723404,
        "support": 33.0
      },
      "support": 33.0
    },
    "Controversy about green technologies": {
      "metrics": {
        "precision": 1.0,
        "recall": 0.25,
        "f1": 0.4,
        "support": 28.0
      },
      "support": 28.0
    },
    "Criticism of climate movement": {
      "metrics": {
        "precision": 0.8333333333333334,
        "recall": 0.625,
        "f1": 0.7142857142857143,
        "support": 8.0
      },
      "support": 8.0
    },
    "Criticism of climate policies": {
      "metrics": {
        "precision": 1.0,
        "recall": 0.6363636363636364,
        "f1": 0.7777777777777778,
        "support": 44.0
      },
      "support": 44.0
    },
    "Criticism of institutions and authorities": {
      "metrics": {
        "precision": 0.8666666666666667,
        "recall": 0.24074074074074073,
        "f1": 0.37681159420289856,
        "support": 54.0
      },
      "support": 54.0
    },
    "Discrediting Ukraine": {
      "metrics": {
        "precision": 0.5714285714285714,
        "recall": 0.08888888888888889,
        "f1": 0.15384615384615385,
        "support": 45.0
      },
      "support": 45.0
    },
    "Discrediting the West, Diplomacy": {
      "metrics": {
        "precision": 0.9411764705882353,
        "recall": 0.4,
        "f1": 0.5614035087719298,
        "support": 80.0
      },
      "support": 80.0
    },
    "Distrust towards Media": {
      "metrics": {
        "precision": 1.0,
        "recall": 0.6818181818181818,
        "f1": 0.8108108108108109,
        "support": 22.0
      },
      "support": 22.0
    },
    "Downplaying climate change": {
      "metrics": {
        "precision": 1.0,
        "recall": 0.4318181818181818,
        "f1": 0.6031746031746031,
        "support": 44.0
      },
      "support": 44.0
    },
    "Hidden plots by secret schemes of powerful groups": {
      "metrics": {
        "precision": 1.0,
        "recall": 0.3181818181818182,
        "f1": 0.4827586206896552,
        "support": 22.0
      },
      "support": 22.0
    },
    "Negative Consequences for the West": {
      "metrics": {
        "precision": 1.0,
        "recall": 0.4,
        "f1": 0.5714285714285715,
        "support": 25.0
      },
      "support": 25.0
    },
    "Other": {
      "metrics": {
        "precision": 1.0,
        "recall": 0.625,
        "f1": 0.7692307692307693,
        "support": 16.0
      },
      "support": 16.0
    },
    "Overpraising the West": {
      "metrics": {
        "precision": 1.0,
        "recall": 0.5652173913043478,
        "f1": 0.7222222222222222,
        "support": 23.0
      },
      "support": 23.0
    },
    "Praise of Russia": {
      "metrics": {
        "precision": 1.0,
        "recall": 0.21739130434782608,
        "f1": 0.3571428571428571,
        "support": 69.0
      },
      "support": 69.0
    },
    "Questioning the measurements and science": {
      "metrics": {
        "precision": 1.0,
        "recall": 0.2727272727272727,
        "f1": 0.42857142857142855,
        "support": 11.0
      },
      "support": 11.0
    },
    "Russia is the Victim": {
      "metrics": {
        "precision": 0.9583333333333334,
        "recall": 0.42592592592592593,
        "f1": 0.5897435897435898,
        "support": 54.0
      },
      "support": 54.0
    },
    "Speculating war outcomes": {
      "metrics": {
        "precision": 1.0,
        "recall": 0.9166666666666666,
        "f1": 0.9565217391304348,
        "support": 24.0
      },
      "support": 24.0
    }
  },
  "subnarrative_class_metrics": {
    "Ad hominem attacks on key activists": {
      "metrics": {
        "precision": 0.8333333333333334,
        "recall": 0.8333333333333334,
        "f1": 0.8333333333333334,
        "support": 6.0
      },
      "support": 6.0
    },
    "Amplifying existing fears of global warming": {
      "metrics": {
        "precision": 0.8888888888888888,
        "recall": 0.9411764705882353,
        "f1": 0.9142857142857143,
        "support": 17.0
      },
      "support": 17.0
    },
    "Blaming global elites": {
      "metrics": {
        "precision": 1.0,
        "recall": 1.0,
        "f1": 1.0,
        "support": 3.0
      },
      "support": 3.0
    },
    "By continuing the war we risk WWIII": {
      "metrics": {
        "precision": 0.8333333333333334,
        "recall": 0.9090909090909091,
        "f1": 0.8695652173913043,
        "support": 11.0
      },
      "support": 11.0
    },
    "CO2 concentrations are too small to have an impact": {
      "metrics": {
        "precision": 1.0,
        "recall": 1.0,
        "f1": 1.0,
        "support": 2.0
      },
      "support": 2.0
    },
    "Climate agenda has hidden motives": {
      "metrics": {
        "precision": 0.7777777777777778,
        "recall": 1.0,
        "f1": 0.8750000000000001,
        "support": 14.0
      },
      "support": 14.0
    },
    "Climate cycles are natural": {
      "metrics": {
        "precision": 0.0,
        "recall": 0.0,
        "f1": 0.0,
        "support": 0.0
      },
      "support": 0.0
    },
    "Climate movement is alarmist": {
      "metrics": {
        "precision": 1.0,
        "recall": 1.0,
        "f1": 1.0,
        "support": 1.0
      },
      "support": 1.0
    },
    "Climate policies are ineffective": {
      "metrics": {
        "precision": 0.9166666666666666,
        "recall": 1.0,
        "f1": 0.9565217391304348,
        "support": 22.0
      },
      "support": 22.0
    },
    "Climate policies are only for profit": {
      "metrics": {
        "precision": 0.875,
        "recall": 1.0,
        "f1": 0.9333333333333333,
        "support": 7.0
      },
      "support": 7.0
    },
    "Climate policies have negative impact on the economy": {
      "metrics": {
        "precision": 0.9090909090909091,
        "recall": 1.0,
        "f1": 0.9523809523809523,
        "support": 10.0
      },
      "support": 10.0
    },
    "Criticism of international entities": {
      "metrics": {
        "precision": 0.7692307692307693,
        "recall": 1.0,
        "f1": 0.8695652173913044,
        "support": 10.0
      },
      "support": 10.0
    },
    "Criticism of national governments": {
      "metrics": {
        "precision": 0.6153846153846154,
        "recall": 0.7272727272727273,
        "f1": 0.6666666666666667,
        "support": 11.0
      },
      "support": 11.0
    },
    "Criticism of political organizations and figures": {
      "metrics": {
        "precision": 0.9130434782608695,
        "recall": 1.0,
        "f1": 0.9545454545454545,
        "support": 21.0
      },
      "support": 21.0
    },
    "Criticism of the EU": {
      "metrics": {
        "precision": 1.0,
        "recall": 1.0,
        "f1": 1.0,
        "support": 11.0
      },
      "support": 11.0
    },
    "Diplomacy does/will not work": {
      "metrics": {
        "precision": 1.0,
        "recall": 0.8823529411764706,
        "f1": 0.9375,
        "support": 17.0
      },
      "support": 17.0
    },